target	feature_set	url	sha256_hash
aarch64-apple-darwin	coreml	https://cdn.pyke.io/0/pyke:ort-rs/ms@1.30.0/aarch64-apple-darwin+coreml.tar.lzma2	e57572969c1725b329d4d48924e89efb99be46a57bc607cbb22dbc593a29e6d7
aarch64-apple-darwin	coreml,webgpu	https://cdn.pyke.io/0/pyke:ort-rs/ms@1.30.0/aarch64-apple-darwin+coreml,webgpu.tar.lzma2	01092360f6f15f033002cc6b43e5fd024f7f88f41ef5a3a30e0df57a90c90b6c
aarch64-apple-ios	coreml	https://cdn.pyke.io/0/pyke:ort-rs/ms@1.30.0/aarch64-apple-ios+coreml.tar.lzma2	e52439c7526021a8dc19df6a973b1c661e5fa0c65e253297a662520b982ac806
aarch64-apple-ios-sim	coreml	https://cdn.pyke.io/0/pyke:ort-rs/ms@1.30.0/aarch64-apple-ios-sim+coreml.tar.lzma2	62c150270f29542678073cf67477f8744ca737c6d693e2d8495005af95937761
aarch64-linux-android	nnapi	https://cdn.pyke.io/0/pyke:ort-rs/ms@1.30.0/aarch64-linux-android+nnapi.tar.lzma2	a02d19de320c557a124e4a140e8c324eb658c924ab6eef7e114795d8d52bc1e2
aarch64-pc-windows-msvc	directml	https://cdn.pyke.io/0/pyke:ort-rs/ms@1.30.0/aarch64-pc-windows-msvc+directml.tar.lzma2	719dc772e5f5ca4c6973c79f1b1ba4430d6db45d5397324f2732d53a21407cf8
aarch64-unknown-linux-gnu	none	https://cdn.pyke.io/0/pyke:ort-rs/ms@1.30.0/aarch64-unknown-linux-gnu.tar.lzma2	fa84c92f1a1556a8c4d6da894c84a6290d8696061d262b1d46ccbb54434e9097
aarch64-unknown-linux-gnu	cuda13,tensorrt,nvrtx	https://cdn.pyke.io/0/pyke:ort-rs/ms@1.30.0/aarch64-unknown-linux-gnu+cuda13,tensorrt,nvrtx.tar.lzma2	646df48e81d2361cc9c3c205b95b71d42d215bcdf930aa54b125e9e46ff9638e
x86_64-linux-android	nnapi	https://cdn.pyke.io/0/pyke:ort-rs/ms@1.30.0/x86_64-linux-android+nnapi.tar.lzma2	aab33887f22c011f11f2f2fa9ef699497d1f7e0cc04c4ca40ce4656dc2a1b3dd
x86_64-pc-windows-msvc	directml	https://cdn.pyke.io/0/pyke:ort-rs/ms@1.30.0/x86_64-pc-windows-msvc+directml.tar.lzma2	06644cc4d31c40edd2737b78519a327986b580b4040fbfdea9d0bd7e95d9cc46
x86_64-pc-windows-msvc	webgpu	https://cdn.pyke.io/0/pyke:ort-rs/ms@1.30.0/x86_64-pc-windows-msvc+webgpu.tar.lzma2	64ddd00de7839a0d95aceca9a258fcdafa0d74f91b3c5448cca59420e2402ad4
x86_64-pc-windows-msvc	nvrtx,directml	https://cdn.pyke.io/0/pyke:ort-rs/ms@1.30.0/x86_64-pc-windows-msvc+nvrtx,directml.tar.lzma2	8cc09fc7af5f2c107fa90c2d807567a45559daec2842e0fbd50ac017a91f2644
x86_64-pc-windows-msvc	cuda13,tensorrt,nvrtx,directml	https://cdn.pyke.io/0/pyke:ort-rs/ms@1.30.0/x86_64-pc-windows-msvc+cuda13,tensorrt,nvrtx,directml.tar.lzma2	d128f295dccfd94be94bfd511d7a2e65d2a74ba638d15743132917397355346b
x86_64-unknown-linux-gnu	none	https://cdn.pyke.io/0/pyke:ort-rs/ms@1.30.0/x86_64-unknown-linux-gnu.tar.lzma2	3ed2eb9c3c13f9d38d1990aab429d4560841b621119aeafc08693fc23fafb292
x86_64-unknown-linux-gnu	webgpu	https://cdn.pyke.io/0/pyke:ort-rs/ms@1.30.0/x86_64-unknown-linux-gnu+webgpu.tar.lzma2	5397448185934307e43d0d4e01d9f6b7cbc1e83fadce2389e4679886d1ba439a
x86_64-unknown-linux-gnu	nvrtx	https://cdn.pyke.io/0/pyke:ort-rs/ms@1.30.0/x86_64-unknown-linux-gnu+nvrtx.tar.lzma2	d0b891b72630607257fbba31a00a706332c3f997b15802da201540f158caf460
x86_64-unknown-linux-gnu	cuda13,tensorrt,nvrtx	https://cdn.pyke.io/0/pyke:ort-rs/ms@1.30.0/x86_64-unknown-linux-gnu+cuda13,tensorrt,nvrtx.tar.lzma2	00a10e19a16e7f59499304265fdbce883f74dd88def3f230f025f182b84dfb4a
